{
  "hash": "983f4876",
  "configHash": "d5342c36",
  "lockfileHash": "40f8fe48",
  "browserHash": "49556e58",
  "optimized": {
    "axios": {
      "src": "../../node_modules/axios/index.js",
      "file": "axios.js",
      "fileHash": "1a1b9296",
      "needsInterop": false
    },
    "primereact/avatar": {
      "src": "../../node_modules/primereact/avatar/avatar.esm.js",
      "file": "primereact_avatar.js",
      "fileHash": "75c81876",
      "needsInterop": false
    },
    "primereact/button": {
      "src": "../../node_modules/primereact/button/button.esm.js",
      "file": "primereact_button.js",
      "fileHash": "c4689856",
      "needsInterop": false
    },
    "primereact/divider": {
      "src": "../../node_modules/primereact/divider/divider.esm.js",
      "file": "primereact_divider.js",
      "fileHash": "4d3706ae",
      "needsInterop": false
    },
    "primereact/overlaypanel": {
      "src": "../../node_modules/primereact/overlaypanel/overlaypanel.esm.js",
      "file": "primereact_overlaypanel.js",
      "fileHash": "d97c60a3",
      "needsInterop": false
    },
    "react": {
      "src": "../../node_modules/react/index.js",
      "file": "react.js",
      "fileHash": "87df0a6c",
      "needsInterop": true
    },
    "react-dom/client": {
      "src": "../../node_modules/react-dom/client.js",
      "file": "react-dom_client.js",
      "fileHash": "b1cb1a59",
      "needsInterop": true
    },
    "react-router-dom": {
      "src": "../../node_modules/react-router-dom/dist/index.mjs",
      "file": "react-router-dom.js",
      "fileHash": "3acf1667",
      "needsInterop": false
    },
    "sweetalert2": {
      "src": "../../node_modules/sweetalert2/dist/sweetalert2.esm.all.js",
      "file": "sweetalert2.js",
      "fileHash": "645e2c48",
      "needsInterop": false
    }
  },
  "chunks": {
    "chunk-A4CIDHKT": {
      "file": "chunk-A4CIDHKT.js"
    },
    "chunk-CRNYF24F": {
      "file": "chunk-CRNYF24F.js"
    },
    "chunk-AU2MKR2E": {
      "file": "chunk-AU2MKR2E.js"
    },
    "chunk-VX2H6PUQ": {
      "file": "chunk-VX2H6PUQ.js"
    },
    "chunk-G3PMV62Z": {
      "file": "chunk-G3PMV62Z.js"
    }
  }
}